rank,venue_code,venue_name,race_no,closing_time,in_escape_prob,second_pred_1,second_pred_1_prob,second_pred_2,second_pred_2_prob,confidence_score,third_prob,top2_margin,adjusted_score,score_margin_blend,ticket_1,ticket_2,score_boat2,score_boat3,score_boat4,score_boat5,score_boat6,is_teppan,is_lunch,is_excluded,is_channel_target,race_grade,race_date,top_feat_1,top_feat_1_contrib,top_feat_2,top_feat_2_contrib,top_feat_3,top_feat_3_contrib,top_feat_4,top_feat_4_contrib,top_feat_5,top_feat_5_contrib,s2_top_feat_1,s2_top_feat_1_contrib,s2_top_feat_2,s2_top_feat_2_contrib,s2_top_feat_3,s2_top_feat_3_contrib,s2_top_feat_4,s2_top_feat_4_contrib,s2_top_feat_5,s2_top_feat_5_contrib,s2_top2_feat_1,s2_top2_feat_1_contrib,s2_top2_feat_2,s2_top2_feat_2_contrib,s2_top2_feat_3,s2_top2_feat_3_contrib,s2_top2_feat_4,s2_top2_feat_4_contrib,s2_top2_feat_5,s2_top2_feat_5_contrib,weather_contribution,wind_info,reason_text
1,10,三国,3,09:24,0.8153460071762093,3,0.6406613033459315,2,0.17530658180195702,0.6652961571393466,0.11827358292531465,0.6976943022225739,0.5708718048857703,0.6750156006643148,1-3,1-2,0.14293552150393518,0.5223606356354115,0.09643389359257959,0.042420065036162746,0.011195887611369665,False,False,True,False,みくにあさズ,2026-09-13,1号艇のdominance,0.1834,1号艇のracer_win_te,0.1116,1号艇のsession_exh_rel_avg,0.1098,1号艇の勝率順位,0.0769,1号艇のlocal_win_rate順位,0.069,3号艇のwin_rate_rank_2to6,0.2189,3号艇のsession_exh_rel_avg,0.068,2号艇のvs_boat3_diff,0.0449,3号艇の当地勝率,-0.0418,3号艇のclass_rank_2to6,0.0411,1号艇vs2号艇の枠別勝率差,-0.1999,2号艇のsession_exh_rel_avg,-0.0982,2号艇のsession_avg_finish,-0.0933,2号艇の全国勝率,-0.0916,2号艇のclass_rank_2to6,-0.0563,-0.0304,西 3.0m/s,[逃げ]1号艇のdominanceが有利(+18.3pt)、1号艇のracer_win_teが有利(+11.2pt) / [2着]3号艇のwin_rate_rank_2to6が有利(+21.9pt)、3号艇のsession_exh_rel_avgが有利(+6.8pt) / [候補2]1号艇vs2号艇の枠別勝率差が不利(-20.0pt)、2号艇のsession_exh_rel_avgが不利(-9.8pt) / [除外]6号艇のsession_exh_rel_avgが不利(-8.0pt)、6号艇のwin_rate_rank_2to6が不利(-8.0pt)、天気-3.0pt
2,21,芦屋,11,13:49,0.8048128371759116,2,0.4389804276922573,3,0.33376594556600303,0.6219162010793765,0.16243657561364488,0.6103097976446155,0.5006898754529994,0.6184342800489482,1-2,1-3,0.3532970834757007,0.26861911760367574,0.13073104128075702,0.03947355712894628,0.012692019323092956,True,True,False,False,準優勝戦,2026-09-13,1号艇のdominance,0.1914,1号艇の全国勝率,0.1197,1号艇のracer_win_te,0.1118,風速区分,0.0942,レース時間帯,0.0841,2号艇のwin_rate_rank_2to6,0.1649,2号艇のsession_exh_rel_avg,0.1014,3号艇のモーター出走数,0.0888,2号艇のclass_rank_2to6,0.0749,2号艇のracer_avgfin_te,0.0631,4号艇のモーター出走数,-0.0915,3号艇のsession_exh_rel_avg,0.0906,3号艇のsession_rank_diff_last,0.084,6号艇のモーター出走数,0.0773,3号艇のwin_rate_rank_2to6,-0.064,0.2113,北東 0.8m/s,[逃げ]1号艇のdominanceが有利(+19.1pt)、1号艇の全国勝率が有利(+12.0pt) / [2着]2号艇のwin_rate_rank_2to6が有利(+16.5pt)、2号艇のsession_exh_rel_avgが有利(+10.1pt) / [候補2]4号艇のモーター出走数が不利(-9.2pt)、3号艇のsession_exh_rel_avgが有利(+9.1pt) / [除外]6号艇のsession_exh_rel_avgが不利(-8.3pt)、6号艇のwin_rate_rank_2to6が不利(-6.1pt)、天気+21.1pt
3,22,福岡,12,17:27,0.8519447398535596,2,0.3985017846260975,3,0.3038512559443018,0.5983659784341053,0.15558526753336022,0.546767773037039,0.48664966142906796,0.5828865168149855,1-2,1-3,0.3395014992344598,0.25886447919964556,0.13255005027375505,0.10585251782007644,0.015176192532187346,True,False,False,False,ドリームレー,2026-09-13,1号艇のracer_win_te,0.1868,1号艇のdominance,0.1711,1号艇の勝率順位,0.1093,レース時間帯,0.0978,race_no,0.0971,2号艇のwin_rate_rank_2to6,-0.113,1号艇の女子戦2連率,0.0732,2号艇の全国勝率,0.0632,2号艇のclass_rank_2to6,-0.0559,2号艇の体重,-0.0415,3号艇のwin_rate_rank_2to6,0.0782,3号艇の全国勝率,0.0538,3号艇の当地勝率,-0.0455,avg_456_win_rate,-0.0443,3号艇のcumulative_diff_rank_2to6,0.0375,0.2249,南 0.4m/s,[逃げ]1号艇のracer_win_teが有利(+18.7pt)、1号艇のdominanceが有利(+17.1pt) / [2着]2号艇のwin_rate_rank_2to6が不利(-11.3pt)、1号艇の女子戦2連率が有利(+7.3pt) / [候補2]3号艇のwin_rate_rank_2to6が有利(+7.8pt)、3号艇の全国勝率が有利(+5.4pt) / [除外]3号艇のracer_win_teが不利(-5.0pt)、天気+22.5pt
4,10,三国,2,08:58,0.6345897807277692,2,0.6682679945443453,3,0.1615364721137627,0.5265854345434922,0.06966393387875111,0.7601405327793568,0.48256461907123066,0.5966519640142515,1-2,1-3,0.4240760401252821,0.10250939441821008,0.04420802052475048,0.0339633299352668,0.029832982722088324,False,False,True,False,みくにあさガ,2026-09-13,1号艇のsession_exh_rel_avg,0.1134,4号艇の枠別出走数,-0.0791,2号艇のsession_exh_rel_avg,-0.0704,1号艇のモーター2連率,0.0594,1号艇のモーター2連率順位,0.0556,2号艇のwin_rate_rank_2to6,0.2443,2号艇のsession_exh_rel_avg,0.1568,2号艇のclass_rank_2to6,0.1182,3号艇の全国勝率,-0.0687,2号艇の全国勝率,0.0534,3号艇のwin_rate_rank_2to6,-0.1215,3号艇の一般戦勝率,-0.0499,3号艇のモーター2連率,0.0492,3号艇のcumulative_diff_rank_2to6,0.0446,3号艇の年齢,-0.0377,-0.0042,西 2.6m/s,[逃げ]1号艇のsession_exh_rel_avgが有利(+11.3pt)、4号艇の枠別出走数が不利(-7.9pt) / [2着]2号艇のwin_rate_rank_2to6が有利(+24.4pt)、2号艇のsession_exh_rel_avgが有利(+15.7pt) / [候補2]3号艇のwin_rate_rank_2to6が不利(-12.1pt)、3号艇の一般戦勝率が不利(-5.0pt) / [除外]6号艇のsession_exh_rel_avgが不利(-6.2pt)、天気-0.4pt
5,21,芦屋,12,14:26,0.8819752982846261,2,0.3794083316560848,3,0.3170903646791151,0.6142946454550912,0.19110852953022012,0.5053901668049798,0.47341830978563876,0.5816233018600577,1-2,1-3,0.3346287764840477,0.2796658689710434,0.16855300233715215,0.0709564466472648,0.028171218630381138,True,True,False,False,準優勝戦,2026-09-13,1号艇のdominance,0.2865,1号艇のracer_win_te,0.169,1号艇の全国勝率,0.1357,風速区分,0.1067,race_no,0.1031,2号艇のwin_rate_rank_2to6,0.1589,2号艇のclass_rank_2to6,0.0925,3号艇のモーター出走数,0.0633,2号艇のsession_exh_rel_avg,-0.0536,2号艇の全国勝率,0.051,4号艇のモーター出走数,-0.0987,3号艇のwin_rate_rank_2to6,0.0834,3号艇の当地勝率,0.0829,6号艇のモーター出走数,0.0809,1号艇の直近1着率,0.0728,0.1508,南西 0.7m/s,[逃げ]1号艇のdominanceが有利(+28.6pt)、1号艇のracer_win_teが有利(+16.9pt) / [2着]2号艇のwin_rate_rank_2to6が有利(+15.9pt)、2号艇のclass_rank_2to6が有利(+9.3pt) / [候補2]4号艇のモーター出走数が不利(-9.9pt)、3号艇のwin_rate_rank_2to6が有利(+8.3pt) / [除外]6号艇のwin_rate_rank_2to6が不利(-6.8pt)、天気+15.1pt
6,22,福岡,1,11:48,0.8575073972768047,4,0.39222267716764625,3,0.29070191970599346,0.5856128936014259,0.2037015494428552,0.4792230474307845,0.44246458904103664,0.5536959397502335,1-4,1-3,0.17467558548399512,0.2492790465504571,0.33633384705096875,0.08090833923477751,0.01631059652615816,True,True,False,False,カタメン１予,2026-09-13,1号艇のdominance,0.4438,1号艇のvs_max234_diff,0.1846,1号艇の勝率順位,0.1155,1号艇のvs_max234_frame_diff,0.1064,5号艇の枠別出走数,-0.0843,1号艇vs5号艇の直近複勝率差,0.2209,4号艇のwin_rate_rank_2to6,0.1766,5号艇のracer_win_te,0.1027,4号艇のclass_rank_2to6,-0.0969,4号艇の年齢,-0.0881,3号艇の全国勝率,-0.1193,3号艇のracer_avgfin_te,-0.1021,3号艇の年齢,0.1007,3号艇のwin_rate_rank_2to6,-0.082,3号艇のracer_win_te,-0.0776,0.1001,北西 1.7m/s,[逃げ]1号艇のdominanceが有利(+44.4pt)、1号艇のvs_max234_diffが有利(+18.5pt) / [2着]1号艇vs5号艇の直近複勝率差が有利(+22.1pt)、4号艇のwin_rate_rank_2to6が有利(+17.7pt) / [候補2]3号艇の全国勝率が不利(-11.9pt)、3号艇のracer_avgfin_teが不利(-10.2pt) / [除外]1号艇vs2号艇の枠別勝率差が不利(-10.0pt)、1号艇vs5号艇の直近複勝率差が不利(-9.0pt)、天気+10.0pt
7,21,芦屋,4,10:02,0.7176620024346614,3,0.4289744869339156,2,0.27733546575306145,0.5068918149848669,0.13472560815048143,0.5715843445364956,0.4249422453364619,0.5262995738503555,1-3,1-2,0.19903312569849155,0.30785868928637533,0.07712753350836025,0.09668744972450204,0.03695519753318399,False,False,True,False,サンライズＹ,2026-09-13,1号艇のdominance,0.1667,1号艇のracer_win_te,0.1059,風速区分,0.0842,1号艇の勝率順位,0.0825,6号艇のモーター出走数,-0.0732,4号艇のモーター出走数,-0.0822,3号艇のwin_rate_rank_2to6,0.0793,6号艇のモーター出走数,0.0768,3号艇の当地勝率,0.0661,3号艇のsession_exh_rel_avg,-0.0566,2号艇のwin_rate_rank_2to6,-0.1486,6号艇のsession_rank_diff_delta,-0.0642,2号艇のclass_rank_2to6,-0.0531,2号艇のsession_exh_rel_avg,0.0452,3号艇のモーター出走数,0.0444,0.0512,北 1.5m/s,[逃げ]1号艇のdominanceが有利(+16.7pt)、1号艇のracer_win_teが有利(+10.6pt) / [2着]4号艇のモーター出走数が不利(-8.2pt)、3号艇のwin_rate_rank_2to6が有利(+7.9pt) / [候補2]2号艇のwin_rate_rank_2to6が不利(-14.9pt)、6号艇のsession_rank_diff_deltaが不利(-6.4pt) / [除外]5号艇のsession_exh_rel_avgが不利(-6.0pt)、天気+5.1pt
8,11,琵琶湖,5,12:22,0.6417348731931394,2,0.4353965360312644,5,0.2975153428319096,0.4703351116440045,0.1501984354003747,0.5827134434627993,0.38556279418465644,0.504048611189643,1-2,1-5,0.27940914083875557,0.0963875738954674,0.07343956565551524,0.1909259708052489,0.0015726267047419394,True,True,False,False,予選,2026-09-13,1号艇のdominance,0.1718,1号艇のvs_max234_diff,0.086,6号艇の枠別出走数,-0.0833,1号艇の勝率順位,0.0815,1号艇の級別順位,0.0733,6号艇の体重,0.0901,2号艇のclass_rank_2to6,0.0808,6号艇の年齢,-0.0785,2号艇のwin_rate_rank_2to6,0.077,2号艇の全国勝率,0.0643,5号艇のwin_rate_rank_2to6,0.2665,5号艇のclass_rank_2to6,0.1406,5号艇のモーター2連率,0.0995,5号艇のcumulative_diff_rank_2to6,0.0526,1号艇vs3号艇の勝率差,0.0491,-0.0075,南東 0.6m/s,[逃げ]1号艇のdominanceが有利(+17.2pt)、1号艇のvs_max234_diffが有利(+8.6pt) / [2着]6号艇の体重が有利(+9.0pt)、2号艇のclass_rank_2to6が有利(+8.1pt) / [候補2]5号艇のwin_rate_rank_2to6が有利(+26.6pt)、5号艇のclass_rank_2to6が有利(+14.1pt) / [除外]6号艇の直近平均着順が不利(-25.2pt)、6号艇の全国勝率が不利(-16.9pt)、天気-0.8pt
9,22,福岡,11,16:56,0.8454400944584942,2,0.35152438920447726,3,0.24286969324589697,0.5025245892124144,0.19851165140305577,0.3958824310473184,0.3828162059221761,0.47053194176288554,1-2,1-3,0.29719281281349774,0.20533177639891664,0.16782970931331115,0.10692759967019683,0.06815821201012075,True,False,False,False,予選特選,2026-09-13,1号艇のdominance,0.3565,1号艇のracer_win_te,0.1584,1号艇のvs_max234_diff,0.1271,1号艇の勝率順位,0.0953,1号艇の全国勝率,0.0862,場特性:1x_diff_course2,0.057,2号艇の全国勝率,0.0528,2号艇の直近平均着順,-0.0437,2号艇のモーター2連率,-0.0375,1号艇の女子戦2連率,0.036,3号艇のwin_rate_rank_2to6,-0.0975,3号艇の当地勝率,-0.0634,6号艇のracer_2nd_te,-0.0516,3号艇のcumulative_diff_rank_2to6,0.0482,3号艇の全国勝率,-0.0425,0.0934,南 0.1m/s,[逃げ]1号艇のdominanceが有利(+35.6pt)、1号艇のracer_win_teが有利(+15.8pt) / [2着]場特性:1x_diff_course2が有利(+5.7pt)、2号艇の全国勝率が有利(+5.3pt) / [候補2]3号艇のwin_rate_rank_2to6が不利(-9.7pt)、3号艇の当地勝率が不利(-6.3pt)、天気+9.3pt
10,10,三国,4,09:50,0.7861792710246797,3,0.31814475106907864,2,0.3040308357908525,0.4891415493268929,0.18801987113122653,0.4341557157287046,0.3787795520436478,0.4726457992474364,1-3,1-2,0.2390227408510765,0.2501188084758164,0.14781732522410188,0.1276963124416605,0.021524067923921288,False,False,True,False,みくにあさ推,2026-09-13,1号艇のdominance,0.2206,1号艇のsession_exh_rel_avg,0.174,1号艇のracer_win_te,0.1085,1号艇の勝率順位,0.0809,1号艇の女子戦勝率,0.0783,3号艇のwin_rate_rank_2to6,0.1735,3号艇のclass_rank_2to6,0.0412,3号艇のsession_exh_rel_avg,-0.0409,5号艇の直近平均着順,-0.0335,場特性:1x_diff_course3,-0.0293,2号艇のsession_exh_rel_avg,0.0778,2号艇の全国勝率,0.0662,2号艇のclass_rank_2to6,-0.0521,2号艇のracer_avgfin_te,-0.0503,2号艇のsession_avg_finish,-0.0384,-0.0137,西 3.7m/s,[逃げ]1号艇のdominanceが有利(+22.1pt)、1号艇のsession_exh_rel_avgが有利(+17.4pt) / [2着]3号艇のwin_rate_rank_2to6が有利(+17.3pt)、3号艇のclass_rank_2to6が有利(+4.1pt) / [候補2]2号艇のsession_exh_rel_avgが有利(+7.8pt)、2号艇の全国勝率が有利(+6.6pt) / [除外]6号艇のwin_rate_rank_2to6が不利(-7.5pt)、天気-1.4pt
11,21,芦屋,1,08:44,0.5732488670194299,2,0.44477070667570895,3,0.3227850707449238,0.4400004797805954,0.13232032713529931,0.6352354502853335,0.37013527087148695,0.49857097093201685,1-2,1-3,0.25496430368528133,0.1850361760953141,0.04940977935851193,0.07585247761395066,0.007986130800251474,False,False,True,False,サンライズＶ,2026-09-13,1号艇のdominance,0.176,1号艇の級別順位,0.0841,1号艇の勝率順位,-0.0737,1号艇のsession_exh_rel_avg,0.0584,場特性:in_escape_diff,0.0577,2号艇のsession_exh_rel_avg,0.1115,4号艇の女子戦比率,0.0931,ST差分(6-5),0.056,5号艇の年齢,-0.0551,3号艇のモーター出走数,0.0464,3号艇のwin_rate_rank_2to6,0.1556,4号艇のモーター出走数,-0.0982,3号艇のsession_exh_rel_avg,0.0863,6号艇のモーター出走数,0.0855,3号艇の女子戦比率,-0.073,0.0073,北 1.5m/s,[逃げ]1号艇のdominanceが有利(+17.6pt)、1号艇の級別順位が有利(+8.4pt) / [2着]2号艇のsession_exh_rel_avgが有利(+11.2pt)、4号艇の女子戦比率が有利(+9.3pt) / [候補2]3号艇のwin_rate_rank_2to6が有利(+15.6pt)、4号艇のモーター出走数が不利(-9.8pt) / [除外]6号艇の女子戦2連率が不利(-9.0pt)、ST差分(6-5)が不利(-8.9pt)、天気+0.7pt
12,10,三国,5,10:18,0.6045549583597882,3,0.5272956154564131,4,0.15607881240627014,0.4131373987806686,0.11885522898989782,0.5645191988727853,0.35421315061702807,0.4585519388083036,1-3,1-4,0.07185451801283077,0.31877917884555074,0.09435821993511784,0.07085775237723309,0.04870528918905579,False,False,True,False,予選,2026-09-13,1号艇のdominance,0.2111,1号艇の勝率順位,0.093,1号艇のsession_exh_rel_avg,-0.0904,1号艇の級別順位,0.0648,1号艇のracer_win_te,0.0622,3号艇のwin_rate_rank_2to6,0.1482,3号艇の当地勝率,0.1311,3号艇のsession_exh_rel_avg,0.0975,3号艇のclass_rank_2to6,0.0443,3号艇の全国勝率,0.0392,4号艇のwin_rate_rank_2to6,-0.0948,4号艇のclass_rank_2to6,-0.0926,4号艇のsession_exh_rel_avg,-0.0836,4号艇の年齢,-0.0776,1号艇の枠別平均ST,0.0466,-0.1417,西 4.1m/s,[逃げ]1号艇のdominanceが有利(+21.1pt)、1号艇の勝率順位が有利(+9.3pt) / [2着]3号艇のwin_rate_rank_2to6が有利(+14.8pt)、3号艇の当地勝率が有利(+13.1pt) / [候補2]4号艇のwin_rate_rank_2to6が不利(-9.5pt)、4号艇のclass_rank_2to6が不利(-9.3pt) / [除外]2号艇のwin_rate_rank_2to6が不利(-6.2pt)、1号艇vs6号艇の枠別平均ST差が不利(-5.0pt)、天気-14.2pt
13,11,琵琶湖,6,12:54,0.6413112590196195,3,0.4424347413230124,2,0.28392534083098225,0.46582289878777255,0.20720565756986362,0.519154424584131,0.34999753072246803,0.48182235652668004,1-3,1-2,0.1820845177958918,0.28373838099188076,0.1328833211321174,0.022553600586164024,0.020051449264383268,True,True,False,False,予選,2026-09-13,1号艇のdominance,0.3321,1号艇の年齢,-0.153,1号艇の女子戦比率,-0.1307,1号艇のvs_max234_diff,0.0746,1号艇の勝率順位,0.0733,3号艇の当地勝率,0.1419,6号艇の女子戦比率,0.0843,4号艇の直近1着率,0.0655,4号艇の女子戦勝率,0.0476,3号艇のwin_rate_rank_2to6,0.0473,2号艇のwin_rate_rank_2to6,-0.1533,3号艇のrecent_race_count,0.1529,2号艇の当地勝率,0.0916,2号艇の全国勝率,-0.0689,2号艇の直近平均着順,-0.0521,0.023,南東 0.8m/s,[逃げ]1号艇のdominanceが有利(+33.2pt)、1号艇の年齢が不利(-15.3pt) / [2着]3号艇の当地勝率が有利(+14.2pt)、6号艇の女子戦比率が有利(+8.4pt) / [候補2]2号艇のwin_rate_rank_2to6が不利(-15.3pt)、3号艇のrecent_race_countが有利(+15.3pt)、天気+2.3pt
14,22,福岡,6,14:14,0.8379248474020526,2,0.33786018507128374,5,0.2589550814474304,0.5000863411249089,0.2549636068151583,0.3418516597035558,0.3470817604222661,0.4526159366985029,1-2,1-5,0.2831014440190847,0.21364034133366847,0.11889442677486217,0.21698489710582422,0.005303759824111649,True,True,False,False,予選,2026-09-13,1号艇のdominance,0.3054,1号艇のvs_max234_diff,0.1587,1号艇のracer_win_te,0.1308,1号艇の勝率順位,0.1003,風速区分,0.088,2号艇のclass_rank_2to6,0.0845,ST差分(3-2),-0.0567,2号艇のwin_rate_rank_2to6,0.0485,2号艇のモーター2連率,-0.0441,3号艇の全国勝率,-0.044,5号艇のwin_rate_rank_2to6,0.2863,5号艇のclass_rank_2to6,0.1192,6号艇のracer_win_te,-0.1084,1号艇vs5号艇のlocal_win_rate差,0.0844,1号艇vs3号艇の勝率差,0.0598,0.1087,北西 1.7m/s,[逃げ]1号艇のdominanceが有利(+30.5pt)、1号艇のvs_max234_diffが有利(+15.9pt) / [2着]2号艇のclass_rank_2to6が有利(+8.5pt)、ST差分(3-2)が不利(-5.7pt) / [候補2]5号艇のwin_rate_rank_2to6が有利(+28.6pt)、5号艇のclass_rank_2to6が有利(+11.9pt) / [除外]6号艇の直近平均着順が不利(-9.8pt)、6号艇のwin_rate_rank_2to6が不利(-9.3pt)、天気+10.9pt
15,11,琵琶湖,11,15:35,0.8176003170176559,4,0.3365448209614519,2,0.2584919103996846,0.4865022201980149,0.2412169597024605,0.35381977165867595,0.3456791164644204,0.4466974856362132,1-4,1-2,0.21134306788928164,0.19721906272276682,0.2751591523087333,0.09961703663955157,0.03426200354891959,True,False,False,False,予選特選,2026-09-13,1号艇のdominance,0.2957,1号艇のracer_win_te,0.1058,風速区分,0.0926,場特性:in_escape_diff,-0.091,1号艇の勝率順位,0.0886,4号艇のwin_rate_rank_2to6,0.1442,4号艇の年齢,0.0834,4号艇のcumulative_diff_rank_2to6,0.0655,4号艇のclass_rank_2to6,0.0529,4号艇のモーター2連率,-0.0393,2号艇のwin_rate_rank_2to6,0.0729,2号艇のモーター2連率,-0.0578,2号艇の体重,-0.0479,2号艇の当地勝率,-0.0331,2号艇の全国勝率,0.0315,0.0712,南東 1.1m/s,[逃げ]1号艇のdominanceが有利(+29.6pt)、1号艇のracer_win_teが有利(+10.6pt) / [2着]4号艇のwin_rate_rank_2to6が有利(+14.4pt)、4号艇の年齢が有利(+8.3pt) / [候補2]2号艇のwin_rate_rank_2to6が有利(+7.3pt)、2号艇のモーター2連率が不利(-5.8pt)、天気+7.1pt
16,11,琵琶湖,12,16:14,0.7057652221087627,2,0.4126802975508541,3,0.19122337402493828,0.4262142089019864,0.17077563482063385,0.43312803675515854,0.33886980638821323,0.428288357257938,1-2,1-3,0.29125540186088883,0.13495880704109756,0.11216899208968321,0.12052750383994959,0.04685450150206149,True,False,False,False,スポニチＤＲ,2026-09-13,1号艇のracer_win_te,0.1814,風速区分,0.1007,1号艇のdominance,0.0924,race_no,0.0908,レース時間帯,0.0747,2号艇のwin_rate_rank_2to6,-0.1383,2号艇の全国勝率,0.0806,1号艇の女子戦2連率,0.0525,2号艇のモーター2連率,0.0454,2号艇のsession_exh_rel_avg,0.0442,3号艇のwin_rate_rank_2to6,-0.096,3号艇の当地勝率,0.0879,3号艇の年齢,-0.0818,3号艇の女子戦比率,-0.0584,3号艇のcumulative_diff_rank_2to6,0.0443,0.1821,南東 0.9m/s,[逃げ]1号艇のracer_win_teが有利(+18.1pt)、風速区分が有利(+10.1pt) / [2着]2号艇のwin_rate_rank_2to6が不利(-13.8pt)、2号艇の全国勝率が有利(+8.1pt) / [候補2]3号艇のwin_rate_rank_2to6が不利(-9.6pt)、3号艇の当地勝率が有利(+8.8pt) / [除外]勝率のレンジ(2-6号艇)が不利(-7.1pt)、天気+18.2pt
17,22,福岡,8,15:14,0.6454519865147617,2,0.42064046052716797,4,0.2983453148916456,0.46407079701992954,0.24307258223054617,0.4759131931882674,0.3287073326566233,0.46762351587043083,1-2,1-4,0.27150322085574474,0.1568916810679788,0.19256757616418477,0.023353276943613905,0.001136239673553998,True,False,False,False,予選,2026-09-13,1号艇の女子戦比率,-0.173,1号艇のdominance,0.1387,5号艇の平均ST,0.1084,1号艇のracer_win_te,0.0862,風速区分,0.0801,2号艇のclass_rank_2to6,0.0763,2号艇のwin_rate_rank_2to6,0.052,場特性:1x_diff_course2,0.0489,1号艇のモーター出走数,0.0355,6号艇の直近平均着順,-0.0331,4号艇のwin_rate_rank_2to6,0.1874,4号艇のclass_rank_2to6,0.1316,4号艇の全国勝率,0.1012,3号艇の年齢,0.0696,4号艇のcumulative_diff_rank_2to6,0.0492,0.0818,北 1.4m/s,[逃げ]1号艇の女子戦比率が不利(-17.3pt)、1号艇のdominanceが有利(+13.9pt) / [2着]2号艇のclass_rank_2to6が有利(+7.6pt)、2号艇のwin_rate_rank_2to6が有利(+5.2pt) / [候補2]4号艇のwin_rate_rank_2to6が有利(+18.7pt)、4号艇のclass_rank_2to6が有利(+13.2pt) / [除外]6号艇の直近平均着順が不利(-21.9pt)、6号艇の全国勝率が不利(-14.5pt)、天気+8.2pt
18,22,福岡,9,15:52,0.6407274933460307,2,0.40701979744935857,4,0.2634146547406922,0.4295657860045505,0.21419303062940534,0.4562414215606454,0.31915378893372975,0.4375684766713789,1-2,1-4,0.26078877456193666,0.13723936360736846,0.16877701144261384,0.06828241547892008,0.00563992855355364,True,False,False,False,予選特賞,2026-09-13,1号艇の年齢,-0.1529,1号艇の勝率順位,-0.1019,ST差分(4-3),-0.0764,1号艇のdominance,0.0691,風速区分,0.0658,2号艇のclass_rank_2to6,0.0926,2号艇の全国勝率,0.0695,場特性:1x_diff_course2,0.042,2号艇の当地勝率,0.0381,ST差分(3-2),-0.0329,4号艇のwin_rate_rank_2to6,0.1559,4号艇の年齢,0.0662,4号艇のclass_rank_2to6,0.065,4号艇のcumulative_diff_rank_2to6,0.0589,4号艇の全国2連率,0.0317,0.0289,北 1.2m/s,[逃げ]1号艇の年齢が不利(-15.3pt)、1号艇の勝率順位が不利(-10.2pt) / [2着]2号艇のclass_rank_2to6が有利(+9.3pt)、2号艇の全国勝率が有利(+7.0pt) / [候補2]4号艇のwin_rate_rank_2to6が有利(+15.6pt)、4号艇の年齢が有利(+6.6pt) / [除外]6号艇のwin_rate_rank_2to6が不利(-7.5pt)、6号艇のvs_avg456_diffが不利(-6.1pt)、天気+2.9pt
19,22,福岡,10,16:18,0.5528990001481722,2,0.45869973972069655,3,0.2411548890097867,0.3869489244741544,0.1536390831313312,0.546215545599152,0.3156083509043178,0.43472891081165366,1-2,1-3,0.25361462745979996,0.1333342970143545,0.07125599748633837,0.08494689544699494,0.009747173471992686,True,False,False,False,予選特賞,2026-09-13,1号艇の年齢,-0.0956,風速区分,0.09,1号艇のdominance,0.0708,1号艇の節間得点,-0.0612,4号艇のモーター2連率,-0.0535,1号艇の年齢,0.0621,2号艇のwin_rate_rank_2to6,0.0532,2号艇の全国勝率,0.0527,1号艇の女子戦2連率,0.0459,場特性:1x_diff_course2,0.0363,3号艇のwin_rate_rank_2to6,-0.1423,3号艇のモーター2連率,0.0698,3号艇のracer_avgfin_te,0.0536,3号艇の全国勝率,-0.0496,3号艇のcumulative_diff_rank_2to6,0.0438,0.1333,北 0.8m/s,[逃げ]1号艇の年齢が不利(-9.6pt)、風速区分が有利(+9.0pt) / [2着]1号艇の年齢が有利(+6.2pt)、2号艇のwin_rate_rank_2to6が有利(+5.3pt) / [候補2]3号艇のwin_rate_rank_2to6が不利(-14.2pt)、3号艇のモーター2連率が有利(+7.0pt) / [除外]4号艇のwin_rate_rank_2to6が不利(-5.3pt)、天気+13.3pt
20,11,琵琶湖,2,10:58,0.3767233550834551,2,0.5681507612448402,3,0.31542054078895365,0.3328619453576277,0.07297803782684761,0.8105932642069462,0.30371201139031523,0.4761813410124232,1-2,1-3,0.21403566096937526,0.11882628438825242,0.027492531257537332,0.015720384010191643,0.0006484934055455542,False,False,True,False,予選,2026-09-13,1号艇のdominance,-0.1623,1号艇のracer_win_te,-0.1219,1号艇の全国勝率,-0.0764,1号艇の級別順位,-0.0736,風速区分,0.062,2号艇の当地勝率,0.3294,2号艇のwin_rate_rank_2to6,0.2268,2号艇のclass_rank_2to6,0.1026,2号艇の全国勝率,0.0643,1号艇vs2号艇のlocal_win_rate差,0.0417,3号艇のwin_rate_rank_2to6,0.0699,1号艇vs2号艇のplace_rate差,0.0473,3号艇のclass_rank_2to6,0.0425,場特性:1x_diff_course3,-0.0399,3号艇のcumulative_diff_rank_2to6,0.0352,0.0207,東 0.8m/s,[逃げ]1号艇のdominanceが不利(-16.2pt)、1号艇のracer_win_teが不利(-12.2pt) / [2着]2号艇の当地勝率が有利(+32.9pt)、2号艇のwin_rate_rank_2to6が有利(+22.7pt) / [候補2]3号艇のwin_rate_rank_2to6が有利(+7.0pt)、1号艇vs2号艇のplace_rate差が有利(+4.7pt) / [除外]6号艇の直近平均着順が不利(-22.5pt)、6号艇の全国勝率が不利(-18.2pt)、天気+2.1pt
21,21,芦屋,10,13:12,0.7533074299661653,3,0.31282625800917213,4,0.2990712379880208,0.46094693011237736,0.28563277156889477,0.32626472442829824,0.302953071079371,0.42054226840715364,1-3,1-4,0.2151692890646769,0.23565434444682198,0.22529258566555535,0.057719514732720495,0.019471701668968264,True,True,False,False,準優勝戦,2026-09-13,1号艇のdominance,0.1629,1号艇のracer_win_te,0.1095,風速区分,0.0958,6号艇のモーター出走数,-0.0913,1号艇の級別順位,0.0836,3号艇のsession_exh_rel_avg,0.0741,6号艇のモーター出走数,0.0738,4号艇のモーター出走数,-0.0722,3号艇の女子戦勝率,0.0658,3号艇のwin_rate_rank_2to6,0.0645,4号艇のwin_rate_rank_2to6,0.1389,4号艇のモーター2連率,0.1119,1号艇のモーター出走数,0.1004,4号艇のclass_rank_2to6,0.0876,4号艇のsession_exh_rel_avg,0.0675,0.1651,北東 1.4m/s,[逃げ]1号艇のdominanceが有利(+16.3pt)、1号艇のracer_win_teが有利(+10.9pt) / [2着]3号艇のsession_exh_rel_avgが有利(+7.4pt)、6号艇のモーター出走数が有利(+7.4pt) / [候補2]4号艇のwin_rate_rank_2to6が有利(+13.9pt)、4号艇のモーター2連率が有利(+11.2pt) / [除外]6号艇のwin_rate_rank_2to6が不利(-7.2pt)、天気+16.5pt
22,10,三国,1,08:32,0.6949375350126274,2,0.3454141583833761,3,0.20870315274516787,0.38507691830349555,0.18819545805578258,0.3659218530727614,0.29811324587129295,0.3793303987342753,1-2,1-3,0.24004126378540466,0.14503565451809083,0.13078408772185787,0.08047040798422446,0.09860612359189365,False,False,True,False,みくにあさイ,2026-09-13,1号艇のdominance,0.3158,1号艇のsession_exh_rel_avg,0.1176,1号艇のvs_max234_diff,0.1089,1号艇の体重,-0.0891,1号艇の勝率順位,0.0744,3号艇の直近平均着順,0.1102,2号艇のsession_avg_finish,-0.0677,3号艇の一般戦2連率,0.0615,2号艇のwin_rate_rank_2to6,0.06,2号艇のcumulative_diff_rank_2to6,-0.0543,3号艇のsession_exh_rel_avg,-0.147,3号艇のwin_rate_rank_2to6,-0.0717,3号艇のcumulative_diff_rank_2to6,-0.0511,3号艇の全国勝率,-0.05,3号艇の節間得点,-0.0496,0.0124,南 1.5m/s,[逃げ]1号艇のdominanceが有利(+31.6pt)、1号艇のsession_exh_rel_avgが有利(+11.8pt) / [2着]3号艇の直近平均着順が有利(+11.0pt)、2号艇のsession_avg_finishが不利(-6.8pt) / [候補2]3号艇のsession_exh_rel_avgが不利(-14.7pt)、3号艇のwin_rate_rank_2to6が不利(-7.2pt) / [除外]5号艇のwin_rate_rank_2to6が不利(-5.6pt)、天気+1.2pt
23,11,琵琶湖,8,13:56,0.4743622665182273,3,0.36788804675939085,2,0.36446565930546304,0.34740096390194775,0.13341002405095254,0.5989436820139014,0.2917848387625682,0.42286377933553376,1-3,1-2,0.1728887562161995,0.17451220768574824,0.06220755898382932,0.06328468138506106,0.0014690697577220916,True,True,False,False,予選,2026-09-13,風速区分,0.0678,1号艇の級別順位,-0.0668,1号艇の全国勝率,-0.0665,1号艇のモーター2連率順位,-0.0566,1号艇の節間得点,-0.0548,3号艇のwin_rate_rank_2to6,0.1585,3号艇のclass_rank_2to6,0.0383,3号艇の全国勝率,0.0312,3号艇の一般戦2連率,-0.0294,3号艇のracer_2nd_te,0.0279,2号艇のwin_rate_rank_2to6,0.0767,2号艇のracer_avgfin_te,-0.0434,2号艇の当地勝率,-0.0314,2号艇の全国勝率,0.0302,2号艇の直近平均着順,-0.0299,0.0277,南 1.3m/s,[逃げ]風速区分が有利(+6.8pt)、1号艇の級別順位が不利(-6.7pt) / [2着]3号艇のwin_rate_rank_2to6が有利(+15.9pt)、3号艇のclass_rank_2to6が有利(+3.8pt) / [候補2]2号艇のwin_rate_rank_2to6が有利(+7.7pt)、2号艇のracer_avgfin_teが不利(-4.3pt) / [除外]6号艇の直近平均着順が不利(-23.5pt)、6号艇の全国勝率が不利(-18.9pt)、天気+2.8pt
24,21,芦屋,5,10:31,0.6859932629362857,4,0.29301916138106376,2,0.24754989323924037,0.3708267296213657,0.1881385881724489,0.35243046644785525,0.28710654878028147,0.36530785066931254,1-4,1-2,0.16981755900271567,0.09241829855310808,0.20100917061865,0.1290618039846443,0.0936864409992638,False,False,True,False,サンライズＺ,2026-09-13,1号艇のsession_exh_rel_avg,0.1286,1号艇vs5号艇のcumulative差,0.1142,節間得点の分散(2-6号艇),-0.108,1号艇vs4号艇の枠別平均ST差,-0.1027,1号艇の全国勝率,0.0945,5号艇のracer_win_te,0.1411,1号艇のモーター出走数,0.0967,6号艇の直近1着率,0.0864,1号艇vs5号艇の勝率差,0.0864,風向(度),0.0696,2号艇のsession_exh_rel_avg,0.1007,ST差分(3-2),-0.0606,2号艇の全国勝率,0.059,2号艇の節間得点,0.0567,4号艇のsession_rank_diff_last,0.0565,0.1501,北西 1.9m/s,[逃げ]1号艇のsession_exh_rel_avgが有利(+12.9pt)、1号艇vs5号艇のcumulative差が有利(+11.4pt) / [2着]5号艇のracer_win_teが有利(+14.1pt)、1号艇のモーター出走数が有利(+9.7pt) / [候補2]2号艇のsession_exh_rel_avgが有利(+10.1pt)、ST差分(3-2)が不利(-6.1pt) / [除外]3号艇のsession_exh_rel_avgが不利(-5.6pt)、天気+15.0pt
25,21,芦屋,2,09:10,0.5834623022947757,4,0.39810466066113226,3,0.28732703911348023,0.39992355761631687,0.23964199414926857,0.4457897056253439,0.284917382990984,0.413683402019025,1-4,1-3,0.1398220696328434,0.16764449575269225,0.23227906186362465,0.019860216764786102,0.023856462627962254,False,False,True,False,サンライズＷ,2026-09-13,4号艇の枠別出走数,-0.1483,6号艇のモーター出走数,-0.1297,1号艇のsession_exh_rel_avg,0.1071,1号艇vs4号艇の枠別平均ST差,-0.0934,1号艇のモーター2連率,0.0892,4号艇のclass_rank_2to6,0.2379,4号艇のwin_rate_rank_2to6,0.2337,4号艇の全国勝率,0.1014,4号艇のsession_exh_rel_avg,-0.0974,4号艇のcumulative_diff_rank_2to6,0.0619,6号艇のモーター出走数,0.0851,4号艇のモーター出走数,-0.0781,場特性:1x_diff_course3,0.0465,3号艇の節間得点,-0.0464,3号艇のcumulative_diff_rank_2to6,-0.041,0.072,北 1.6m/s,[逃げ]4号艇の枠別出走数が不利(-14.8pt)、6号艇のモーター出走数が不利(-13.0pt) / [2着]4号艇のclass_rank_2to6が有利(+23.8pt)、4号艇のwin_rate_rank_2to6が有利(+23.4pt) / [候補2]6号艇のモーター出走数が有利(+8.5pt)、4号艇のモーター出走数が不利(-7.8pt) / [除外]5号艇のracer_avgfin_teが不利(-5.9pt)、4号艇の女子戦2連率が不利(-5.4pt)、天気+7.2pt
26,22,福岡,7,14:44,0.5138014950508485,3,0.35270544084297184,2,0.3323160516048719,0.35196506696166563,0.19018970892953324,0.4948317835183105,0.2716369065951022,0.39482508192865906,1-3,1-2,0.17074448414397808,0.18122058281768752,0.0977197567912799,0.03777080969891008,0.026345870212261674,True,True,False,False,予選,2026-09-13,6号艇の枠別出走数,-0.2185,1号艇のvs_max234_diff,0.0913,1号艇の年齢,-0.0849,avg_entry_count,-0.0668,6号艇の当地2連率,-0.0612,3号艇のwin_rate_rank_2to6,0.0671,3号艇の年齢,-0.0497,3号艇の全国勝率,-0.0475,場特性:1x_diff_course3,0.0395,3号艇のモーター2連率,0.0387,1号艇の年齢,0.0658,場特性:1x_diff_course2,0.0579,2号艇の全国勝率,-0.0423,2号艇のwin_rate_rank_2to6,-0.0404,2号艇のモーター2連率,-0.0389,0.0214,北西 1.8m/s,[逃げ]6号艇の枠別出走数が不利(-21.9pt)、1号艇のvs_max234_diffが有利(+9.1pt) / [2着]3号艇のwin_rate_rank_2to6が有利(+6.7pt)、3号艇の年齢が不利(-5.0pt) / [候補2]1号艇の年齢が有利(+6.6pt)、場特性:1x_diff_course2が有利(+5.8pt) / [除外]1号艇vs5号艇の枠別平均ST差が不利(-5.9pt)、天気+2.1pt
27,11,琵琶湖,9,14:29,0.6075931187576693,2,0.3612400433740809,5,0.21658349023395887,0.3510816028764858,0.21579509797513108,0.36202843563290865,0.260167576208489,0.35436565270341264,1-2,1-5,0.21948696457381353,0.1311156165913267,0.09204235192016975,0.1315946383026723,0.03335355189660857,True,True,False,False,予選特賞,2026-09-13,1号艇のdominance,0.1461,風速区分,0.0805,1号艇のvs_max234_diff,0.0663,1号艇のsession_exh_rel_avg,-0.0589,1号艇vs4号艇の枠別平均ST差,-0.0563,3号艇のracer_2nd_te,0.0627,2号艇のclass_rank_2to6,-0.0544,2号艇の全国勝率,0.0429,3号艇の全国勝率,-0.0312,3号艇のracer_win_te,0.0235,5号艇のwin_rate_rank_2to6,0.214,5号艇のclass_rank_2to6,0.1222,5号艇の枠別勝率,0.06,5号艇のracer_avgfin_te,0.0424,5号艇のcumulative_diff_rank_2to6,0.0409,0.0566,南 1.4m/s,[逃げ]1号艇のdominanceが有利(+14.6pt)、風速区分が有利(+8.1pt) / [2着]3号艇のracer_2nd_teが有利(+6.3pt)、2号艇のclass_rank_2to6が不利(-5.4pt) / [候補2]5号艇のwin_rate_rank_2to6が有利(+21.4pt)、5号艇のclass_rank_2to6が有利(+12.2pt)、天気+5.7pt
28,10,三国,12,14:11,0.6075724013997771,2,0.33724676934909714,4,0.2875762590000434,0.3796252277839683,0.2789330502005942,0.3458899781485463,0.25255720052131514,0.36950465289334167,1-2,1-4,0.20490182951774769,0.1694720231401396,0.17472339826622063,0.03397550276150473,0.024499661294465916,True,True,False,False,カニ坊選抜,2026-09-13,1号艇のdominance,0.1508,風速区分,-0.1271,race_no,0.0971,1号艇のsession_exh_rel_avg,-0.0843,場特性:in_escape_diff,-0.0748,2号艇のsession_exh_rel_avg,0.0783,2号艇の全国勝率,0.0606,場×風向,-0.0451,2号艇の当地勝率,-0.0384,2号艇のwin_rate_rank_2to6,-0.0274,4号艇のwin_rate_rank_2to6,0.1589,4号艇のsession_exh_rel_avg,0.0647,4号艇のcumulative_diff_rank_2to6,0.0594,4号艇のclass_rank_2to6,-0.0536,4号艇の年齢,0.053,-0.1494,南 6.7m/s,[逃げ]1号艇のdominanceが有利(+15.1pt)、風速区分が不利(-12.7pt) / [2着]2号艇のsession_exh_rel_avgが有利(+7.8pt)、2号艇の全国勝率が有利(+6.1pt) / [候補2]4号艇のwin_rate_rank_2to6が有利(+15.9pt)、4号艇のsession_exh_rel_avgが有利(+6.5pt) / [除外]6号艇のsession_exh_rel_avgが不利(-6.4pt)、場特性:1x_diff_course5が不利(-5.3pt)、天気-14.9pt
29,11,琵琶湖,10,15:00,0.4569993820709538,2,0.49323262218978686,3,0.24386503125716102,0.33685317215120525,0.21055845870741285,0.526539194739535,0.25174043046457256,0.3937589789277042,1-2,1-3,0.2254070035579688,0.11144616859323643,0.09622508551910011,0.016465274274707013,0.007455844167347686,True,False,False,False,予選特賞,2026-09-13,レース時間帯,0.0923,1号艇のモーター2連率順位,-0.0715,1号艇のsession_exh_count,-0.0675,1号艇の勝率順位,-0.0638,1号艇vs4号艇の枠別平均ST差,-0.0621,2号艇のwin_rate_rank_2to6,0.1703,2号艇のclass_rank_2to6,0.0652,2号艇のモーター2連率,0.0626,2号艇の全国勝率,0.0489,3号艇の女子戦2連率,-0.0483,3号艇のwin_rate_rank_2to6,-0.0718,3号艇のモーター2連率,-0.0449,3号艇のcumulative_diff_rank_2to6,0.044,3号艇の当地勝率,-0.0413,3号艇の全国勝率,0.0363,0.106,南東 1.2m/s,[逃げ]レース時間帯が有利(+9.2pt)、1号艇のモーター2連率順位が不利(-7.1pt) / [2着]2号艇のwin_rate_rank_2to6が有利(+17.0pt)、2号艇のclass_rank_2to6が有利(+6.5pt) / [候補2]3号艇のwin_rate_rank_2to6が不利(-7.2pt)、3号艇のモーター2連率が不利(-4.5pt) / [除外]6号艇のwin_rate_rank_2to6が不利(-9.8pt)、6号艇の直近平均着順が不利(-9.6pt)、天気+10.6pt
30,11,琵琶湖,7,13:25,0.4607355843265007,4,0.33933701819968753,2,0.3069947622922278,0.2977880505537302,0.18141400257915535,0.46491777791275996,0.23296054394829493,0.34792696876143914,1-4,1-2,0.14144341118988474,0.08358388648331644,0.15634463936384543,0.03447220217879416,0.044891436528790914,True,True,False,False,予選,2026-09-13,1号艇のdominance,-0.0871,1号艇のモーター2連率,0.0728,1号艇の級別順位,-0.0722,風速区分,0.0678,ST差分(4-3),-0.0677,4号艇のclass_rank_2to6,0.2159,4号艇のwin_rate_rank_2to6,0.1959,4号艇の全国勝率,0.0616,4号艇のracer_win_te,0.0572,4号艇の年齢,0.054,2号艇のwin_rate_rank_2to6,-0.1449,2号艇のclass_rank_2to6,-0.0418,3号艇の当地2連率,0.0399,3号艇の全国勝率,-0.0362,1号艇vs2号艇のlocal_win_rate差,0.0336,-0.0146,南東 1.0m/s,[逃げ]1号艇のdominanceが不利(-8.7pt)、1号艇のモーター2連率が有利(+7.3pt) / [2着]4号艇のclass_rank_2to6が有利(+21.6pt)、4号艇のwin_rate_rank_2to6が有利(+19.6pt) / [候補2]2号艇のwin_rate_rank_2to6が不利(-14.5pt)、2号艇のclass_rank_2to6が不利(-4.2pt) / [除外]1号艇vs4号艇のlocal_win_rate差が不利(-5.3pt)、天気-1.5pt
31,21,芦屋,6,11:05,0.4613578043711165,4,0.35708235978694713,3,0.2993204425904747,0.3028365556878952,0.204767326374186,0.4516354760032358,0.2284233174840021,0.3474762317824973,1-4,1-3,0.09447100410293827,0.13809382219693223,0.164742733490963,0.05848209116788861,0.005568149975010932,True,True,False,False,一般,2026-09-13,1号艇のdominance,-0.2549,1号艇のracer_win_te,-0.1301,1号艇のsession_exh_rel_avg,0.1273,1号艇の女子戦比率,-0.1186,1号艇の級別順位,0.0967,4号艇のwin_rate_rank_2to6,0.1896,4号艇の女子戦比率,-0.0825,4号艇のsession_exh_rel_avg,0.0774,4号艇の節間得点,-0.0703,4号艇のclass_rank_2to6,-0.0655,3号艇のwin_rate_rank_2to6,-0.0829,6号艇のモーター出走数,0.0698,3号艇の当地勝率,-0.0544,3号艇のcumulative_diff_rank_2to6,0.0456,4号艇のモーター出走数,-0.0441,0.025,北西 2.0m/s,[逃げ]1号艇のdominanceが不利(-25.5pt)、1号艇のracer_win_teが不利(-13.0pt) / [2着]4号艇のwin_rate_rank_2to6が有利(+19.0pt)、4号艇の女子戦比率が不利(-8.2pt) / [候補2]3号艇のwin_rate_rank_2to6が不利(-8.3pt)、6号艇のモーター出走数が有利(+7.0pt) / [除外]6号艇の直近平均着順が不利(-26.4pt)、6号艇の全国勝率が不利(-14.0pt)、天気+2.5pt
32,11,琵琶湖,3,11:26,0.4703714335993987,3,0.32278299937972454,2,0.3030700627617573,0.29438340206206237,0.23447363122882722,0.3913794309126546,0.21155322775607727,0.32348221071724004,1-3,1-2,0.1425554999023075,0.15182790215975486,0.05549259901770198,0.1102896980623602,0.010205730952733852,True,True,False,False,予選,2026-09-13,1号艇のdominance,-0.154,1号艇のracer_win_te,-0.1272,1号艇の級別順位,-0.0885,風速区分,0.0788,1号艇の全国勝率,-0.0667,3号艇のwin_rate_rank_2to6,0.0697,場特性:1x_diff_course3,-0.0394,3号艇のcumulative_diff_rank_2to6,0.0392,3号艇のモーター2連率,-0.0383,1号艇vs5号艇の直近複勝率差,-0.0362,2号艇のwin_rate_rank_2to6,-0.1343,2号艇の直近平均着順,-0.0381,5号艇の年齢,0.0349,ST差分(3-2),-0.0337,2号艇のモーター2連率,-0.0319,0.056,東 0.6m/s,[逃げ]1号艇のdominanceが不利(-15.4pt)、1号艇のracer_win_teが不利(-12.7pt) / [2着]3号艇のwin_rate_rank_2to6が有利(+7.0pt)、場特性:1x_diff_course3が不利(-3.9pt) / [候補2]2号艇のwin_rate_rank_2to6が不利(-13.4pt)、2号艇の直近平均着順が不利(-3.8pt) / [除外]6号艇のwin_rate_rank_2to6が不利(-8.0pt)、天気+5.6pt
33,21,芦屋,3,09:36,0.28098267710633446,3,0.5019343067235871,2,0.3350086978386132,0.23516648600730614,0.10141532720010368,0.7355276773620966,0.20654710265739068,0.3852748434137433,1-3,1-2,0.09413164077260062,0.1410348452347055,0.016900176819426804,0.02849595013629999,0.0004200616572892118,False,False,True,False,サンライズＸ,2026-09-13,1号艇のdominance,-0.2286,節間得点の分散(2-6号艇),-0.1285,6号艇の枠別出走数,-0.119,1号艇のvs_max234_diff,-0.1082,5号艇の節間得点,-0.0846,3号艇のwin_rate_rank_2to6,0.1701,3号艇の全国勝率,0.1257,3号艇の節間得点,0.0979,6号艇のモーター出走数,0.0769,4号艇のモーター出走数,-0.0687,2号艇の当地勝率,0.0485,勝率のレンジ(2-6号艇),0.0463,2号艇の全国勝率,0.0411,3号艇のモーター出走数,0.0403,2号艇のwin_rate_rank_2to6,0.0401,-0.0012,北 1.4m/s,[逃げ]1号艇のdominanceが不利(-22.9pt)、節間得点の分散(2-6号艇)が不利(-12.8pt) / [2着]3号艇のwin_rate_rank_2to6が有利(+17.0pt)、3号艇の全国勝率が有利(+12.6pt) / [候補2]2号艇の当地勝率が有利(+4.8pt)、勝率のレンジ(2-6号艇)が有利(+4.6pt) / [除外]6号艇の直近平均着順が不利(-18.5pt)、6号艇の全国勝率が不利(-13.0pt)、天気影響ほぼなし
34,11,琵琶湖,1,10:29,0.39229962121242756,2,0.4212492078937089,3,0.20701261131797188,0.24646687369897302,0.16934209857531307,0.4589197206363677,0.19638221255319616,0.3102027277801914,1-2,1-3,0.16525590469273715,0.08121096900623587,0.060837561387175026,0.06643284112641289,0.01856235084558652,False,False,True,False,予選,2026-09-13,1号艇のracer_win_te,-0.1868,max_234_win_rate,-0.0962,1号艇のdominance,-0.0918,風速区分,0.0816,1号艇のモーター2連率順位,-0.0806,3号艇の全国勝率,-0.0609,2号艇の全国勝率,-0.0608,max_234_win_rate,0.0578,second_best_win_rate,0.0483,2号艇のモーター2連率,-0.048,3号艇の直近平均着順,-0.1059,3号艇のwin_rate_rank_2to6,-0.0964,3号艇のracer_avgfin_te,-0.0932,3号艇のモーター2連率,-0.0569,3号艇のracer_2nd_te,-0.0505,0.0515,北東 0.8m/s,[逃げ]1号艇のracer_win_teが不利(-18.7pt)、max_234_win_rateが不利(-9.6pt) / [2着]3号艇の全国勝率が不利(-6.1pt)、2号艇の全国勝率が不利(-6.1pt) / [候補2]3号艇の直近平均着順が不利(-10.6pt)、3号艇のwin_rate_rank_2to6が不利(-9.6pt)、天気+5.1pt
35,22,福岡,2,12:16,0.32666015370065093,3,0.3691176543036101,2,0.3341993255411433,0.22974563273636475,0.16582072055104385,0.5374962592937096,0.18402972909980536,0.3220708207035682,1-3,1-2,0.10916960304792374,0.12057602968844101,0.0420787701018347,0.05416702206195667,0.0006687292568337816,True,True,False,False,予選,2026-09-13,1号艇のdominance,-0.2428,1号艇のracer_win_te,-0.1543,1号艇のvs_max234_diff,-0.0874,1号艇の全国勝率,-0.0826,1号艇の級別順位,-0.0756,3号艇のwin_rate_rank_2to6,0.1722,3号艇の当地勝率,-0.0674,1号艇vs6号艇の枠別勝率差,-0.0407,3号艇の全国勝率,0.0404,3号艇のracer_2nd_te,0.0373,2号艇のwin_rate_rank_2to6,-0.1325,6号艇の直近平均着順,-0.052,2号艇の全国勝率,-0.0444,場特性:1x_diff_course2,0.0416,1号艇のモーター出走数,0.0313,0.0153,北西 2.6m/s,[逃げ]1号艇のdominanceが不利(-24.3pt)、1号艇のracer_win_teが不利(-15.4pt) / [2着]3号艇のwin_rate_rank_2to6が有利(+17.2pt)、3号艇の当地勝率が不利(-6.7pt) / [候補2]2号艇のwin_rate_rank_2to6が不利(-13.2pt)、6号艇の直近平均着順が不利(-5.2pt) / [除外]6号艇の直近平均着順が不利(-20.1pt)、6号艇の全国勝率が不利(-16.4pt)、天気+1.5pt
36,22,福岡,4,13:18,0.2955625148281016,3,0.4017154639639008,2,0.3232341226096953,0.2142679229312846,0.1384148972223121,0.5865346893512839,0.17867847589459815,0.3259479528572844,1-3,1-2,0.09553589015677648,0.11873203277450814,0.04091025511269977,0.02665269921386876,0.013731639772360782,True,True,False,False,予選,2026-09-13,1号艇のdominance,-0.2367,1号艇の年齢,-0.094,1号艇のvs_max234_diff,-0.0876,1号艇のracer_win_te,-0.0872,1号艇の級別順位,-0.0851,1号艇vs2号艇のplace_rate差,0.0733,3号艇のwin_rate_rank_2to6,-0.057,3号艇のcumulative_diff_rank_2to6,0.0384,3号艇のモーター2連率,0.0359,1号艇vs6号艇の枠別勝率差,-0.0335,2号艇のwin_rate_rank_2to6,0.0628,2号艇の体重,-0.0601,1号艇の年齢,0.0548,2号艇の全国勝率,0.0508,場特性:1x_diff_course2,0.0496,0.0141,北西 1.8m/s,[逃げ]1号艇のdominanceが不利(-23.7pt)、1号艇の年齢が不利(-9.4pt) / [2着]1号艇vs2号艇のplace_rate差が有利(+7.3pt)、3号艇のwin_rate_rank_2to6が不利(-5.7pt) / [候補2]2号艇のwin_rate_rank_2to6が有利(+6.3pt)、2号艇の体重が不利(-6.0pt)、天気+1.4pt
37,10,三国,7,11:20,0.4221955189597082,3,0.2983897156290579,4,0.2497988070477529,0.23144273781929192,0.2235841184768559,0.32460440419995495,0.16934643320345616,0.2593912377334908,1-3,1-4,0.07479427382836337,0.12597880084224986,0.10546393697704205,0.09439621293148505,0.02156229044856571,True,True,False,False,予選,2026-09-13,5号艇の枠別出走数,-0.1741,1号艇の年齢,-0.087,1号艇の級別順位,-0.0748,1号艇のdominance,0.0616,1号艇の勝率順位,-0.0563,3号艇のsession_exh_rel_avg,-0.1004,3号艇のwin_rate_rank_2to6,-0.0822,3号艇のracer_avgfin_te,0.0505,4号艇の女子戦2連率,0.0489,3号艇の節間得点,0.0454,4号艇のsession_exh_rel_avg,0.0788,4号艇のwin_rate_rank_2to6,-0.0598,4号艇のclass_rank_2to6,-0.0459,4号艇の全国勝率,0.0418,4号艇の年齢,0.04,0.0164,西 1.1m/s,[逃げ]5号艇の枠別出走数が不利(-17.4pt)、1号艇の年齢が不利(-8.7pt) / [2着]3号艇のsession_exh_rel_avgが不利(-10.0pt)、3号艇のwin_rate_rank_2to6が不利(-8.2pt) / [候補2]4号艇のsession_exh_rel_avgが有利(+7.9pt)、4号艇のwin_rate_rank_2to6が不利(-6.0pt) / [除外]6号艇のsession_exh_rel_avgが不利(-7.1pt)、2号艇のwin_rate_rank_2to6が不利(-5.5pt)、天気+1.6pt
38,21,芦屋,7,11:36,0.35364210507948957,3,0.36326759561980804,4,0.2344751450068891,0.21138700109120848,0.18756316662281078,0.41017957400388627,0.16380890272212853,0.2710247729650118,1-3,1-4,0.06633023307986587,0.12846671722215366,0.08292028386905483,0.060216025478810525,0.015708841477346185,True,True,False,False,一般,2026-09-13,1号艇のdominance,-0.2367,1号艇のsession_exh_rel_avg,-0.1141,1号艇のracer_win_te,-0.087,ST差分(4-3),-0.0778,3号艇の女子戦勝率,0.0776,3号艇のsession_exh_rel_avg,-0.1495,3号艇の女子戦勝率,0.1019,6号艇のモーター出走数,0.0731,3号艇のwin_rate_rank_2to6,0.0663,4号艇のモーター出走数,-0.0546,1号艇のモーター出走数,0.0922,4号艇のclass_rank_2to6,-0.0783,1号艇の平均ST,0.0739,4号艇のwin_rate_rank_2to6,-0.0723,場特性:1x_diff_course4,0.0661,0.0189,北 2.1m/s,[逃げ]1号艇のdominanceが不利(-23.7pt)、1号艇のsession_exh_rel_avgが不利(-11.4pt) / [2着]3号艇のsession_exh_rel_avgが不利(-14.9pt)、3号艇の女子戦勝率が有利(+10.2pt) / [候補2]1号艇のモーター出走数が有利(+9.2pt)、4号艇のclass_rank_2to6が不利(-7.8pt) / [除外]6号艇のwin_rate_rank_2to6が不利(-5.9pt)、2号艇のwin_rate_rank_2to6が不利(-5.2pt)、天気+1.9pt
39,11,琵琶湖,4,11:55,0.3192064969080872,2,0.34646300889006604,3,0.33540547232444656,0.21765684924052245,0.20694348301880258,0.47492499819571,0.1636056494588439,0.2948372939270787,1-2,1-3,0.11059324337603346,0.10706360586448899,0.030191735549960234,0.0660577042723902,0.005300205169656365,True,True,False,False,予選,2026-09-13,1号艇のdominance,-0.2312,1号艇の全国勝率,-0.0784,1号艇のvs_max234_diff,-0.0764,1号艇の級別順位,-0.0763,風速区分,0.0687,2号艇の全国勝率,0.0639,2号艇の当地勝率,-0.0486,2号艇のモーター2連率,-0.0345,2号艇の直近平均着順,0.0326,2号艇の全国2連率,0.023,3号艇のwin_rate_rank_2to6,0.1668,1号艇vs3号艇のplace_rate差,-0.0497,3号艇の当地勝率,-0.0455,5号艇の一般戦2連率,-0.0421,3号艇の全国勝率,0.0401,0.0097,東 1.2m/s,[逃げ]1号艇のdominanceが不利(-23.1pt)、1号艇の全国勝率が不利(-7.8pt) / [2着]2号艇の全国勝率が有利(+6.4pt)、2号艇の当地勝率が不利(-4.9pt) / [候補2]3号艇のwin_rate_rank_2to6が有利(+16.7pt)、1号艇vs3号艇のplace_rate差が不利(-5.0pt) / [除外]6号艇のwin_rate_rank_2to6が不利(-7.2pt)、6号艇のvs_avg456_diffが不利(-5.5pt)、天気+1.0pt
40,21,芦屋,9,12:36,0.32444301969924155,4,0.39960688275740935,3,0.20178414485397467,0.1951171210182674,0.15775419252725376,0.4436368350841303,0.15818046836889232,0.2696730352380262,1-4,1-3,0.05118224659375774,0.06546745728385271,0.12964966373441467,0.049612537297497615,0.028531108746496656,True,True,False,False,一般,2026-09-13,6号艇の枠別出走数,-0.1958,6号艇のモーター出走数,-0.0952,4号艇のモーター2連率,-0.0752,2号艇のモーター出走数,-0.0742,1号艇vs4号艇のcumulative差,-0.0732,1号艇のモーター出走数,0.0935,4号艇のclass_rank_2to6,0.0792,4号艇のwin_rate_rank_2to6,0.0753,4号艇のsession_exh_rel_avg,0.0714,6号艇のモーター出走数,0.0517,3号艇のracer_avgfin_te,-0.1078,3号艇のwin_rate_rank_2to6,-0.1062,3号艇の全国勝率,-0.0699,風向(度),0.063,3号艇のcumulative_diff_rank_2to6,-0.0496,0.0313,北 1.5m/s,[逃げ]6号艇の枠別出走数が不利(-19.6pt)、6号艇のモーター出走数が不利(-9.5pt) / [2着]1号艇のモーター出走数が有利(+9.4pt)、4号艇のclass_rank_2to6が有利(+7.9pt) / [候補2]3号艇のracer_avgfin_teが不利(-10.8pt)、3号艇のwin_rate_rank_2to6が不利(-10.6pt) / [除外]6号艇のsession_exh_rel_avgが不利(-5.9pt)、天気+3.1pt
41,22,福岡,5,13:44,0.25124288456127,2,0.39496768544760763,4,0.37087029962039375,0.19241134447507546,0.15858528050523366,0.6072527045627677,0.15579501603191268,0.3168637525013831,1-2,1-4,0.09923282060034527,0.039843423323093034,0.09317852387473019,0.009819748012314264,0.0091683687507872,True,True,False,False,予選,2026-09-13,1号艇のdominance,-0.4412,1号艇のracer_win_te,-0.181,1号艇のvs_max234_diff,-0.1633,1号艇の年齢,0.1174,1号艇vs4号艇の枠別勝率差,-0.1054,1号艇の直近複勝率,0.0625,2号艇のwin_rate_rank_2to6,0.0534,1号艇vs6号艇の直近複勝率差,-0.0508,3号艇の全国勝率,-0.0499,2号艇の全国勝率,0.0473,4号艇のwin_rate_rank_2to6,0.1537,4号艇のclass_rank_2to6,0.1473,1号艇の一般戦2連率,0.0881,4号艇の全国勝率,0.0588,4号艇の直近複勝率,0.0561,0.0399,北西 1.8m/s,[逃げ]1号艇のdominanceが不利(-44.1pt)、1号艇のracer_win_teが不利(-18.1pt) / [2着]1号艇の直近複勝率が有利(+6.2pt)、2号艇のwin_rate_rank_2to6が有利(+5.3pt) / [候補2]4号艇のwin_rate_rank_2to6が有利(+15.4pt)、4号艇のclass_rank_2to6が有利(+14.7pt) / [除外]1号艇の年齢が不利(-5.3pt)、1号艇のracer_2nd_teが不利(-5.0pt)、天気+4.0pt
42,10,三国,6,10:50,0.31476403885930726,3,0.2975349997083102,2,0.2759118233173302,0.18050043808658897,0.15970600149015868,0.41374082153548175,0.14590803420575169,0.2504725531212568,1-3,1-2,0.08684711987639845,0.09365331821019053,0.05026970605911289,0.04445648829495977,0.03953740876382046,False,False,True,False,予選,2026-09-13,1号艇のracer_win_te,-0.2501,1号艇のsession_exh_rel_avg,-0.2073,1号艇のdominance,-0.151,1号艇の年齢,0.0914,1号艇の級別順位,-0.0816,3号艇の年齢,-0.0836,3号艇のwin_rate_rank_2to6,0.0613,3号艇の当地勝率,-0.0471,3号艇のcumulative_diff_rank_2to6,0.0375,1号艇の一般戦2連率,0.0337,2号艇のwin_rate_rank_2to6,-0.146,2号艇のsession_exh_rel_avg,-0.1137,2号艇の全国勝率,0.0709,2号艇のsession_avg_finish,-0.0409,1号艇vs2号艇のlocal_win_rate差,0.0367,-0.0246,西 2.7m/s,[逃げ]1号艇のracer_win_teが不利(-25.0pt)、1号艇のsession_exh_rel_avgが不利(-20.7pt) / [2着]3号艇の年齢が不利(-8.4pt)、3号艇のwin_rate_rank_2to6が有利(+6.1pt) / [候補2]2号艇のwin_rate_rank_2to6が不利(-14.6pt)、2号艇のsession_exh_rel_avgが不利(-11.4pt) / [除外]5号艇のsession_exh_rel_avgが不利(-5.7pt)、天気-2.5pt
43,10,三国,10,12:58,0.298745937769491,2,0.30458319755375296,3,0.2767697616817215,0.17367683498187048,0.19445484537176833,0.38689811386370615,0.1331500724726012,0.23764321864642116,1-2,1-3,0.09099299298202607,0.08268384199984442,0.052036444781692004,0.014940060089229844,0.05809259513441029,True,True,False,False,予選特賞,2026-09-13,1号艇のdominance,-0.4325,1号艇のracer_win_te,-0.2099,1号艇の年齢,0.0917,1号艇のracer_avgfin_te,0.0885,1号艇のsession_avg_finish,-0.088,1号艇の直近複勝率,0.0578,2号艇の全国勝率,0.052,2号艇のsession_exh_rel_avg,-0.0502,2号艇のwin_rate_rank_2to6,0.0454,レース時間帯,-0.0411,3号艇のwin_rate_rank_2to6,-0.0861,1号艇vs6号艇のplace_rate差,0.0676,1号艇の一般戦2連率,0.0494,3号艇の年齢,-0.0474,3号艇のモーター2連率,-0.0429,-0.0641,南東 5.7m/s,[逃げ]1号艇のdominanceが不利(-43.2pt)、1号艇のracer_win_teが不利(-21.0pt) / [2着]1号艇の直近複勝率が有利(+5.8pt)、2号艇の全国勝率が有利(+5.2pt) / [候補2]3号艇のwin_rate_rank_2to6が不利(-8.6pt)、1号艇vs6号艇のplace_rate差が有利(+6.8pt)、天気-6.4pt
44,22,福岡,3,12:48,0.1903609293442797,3,0.5794802075725319,2,0.20476350756973122,0.14928936244689178,0.11549192722190178,0.6687517879203614,0.12859930302762712,0.30512809008893266,1-3,1-2,0.03897897159676848,0.11031039085012329,0.02198515059772314,0.01854943960889445,0.0005369788182195189,True,True,False,False,カタメン３予,2026-09-13,1号艇のdominance,-0.4299,1号艇のracer_win_te,-0.1785,1号艇のvs_max234_diff,-0.173,3号艇のracer_win_te,-0.1169,3号艇の女子戦勝率,0.1103,3号艇のwin_rate_rank_2to6,0.233,3号艇の当地勝率,0.1062,3号艇の全国勝率,0.0853,win_rate_gap_top2_2to6,0.0848,3号艇の女子戦勝率,0.0662,2号艇のwin_rate_rank_2to6,-0.1283,場特性:1x_diff_course2,0.0481,1号艇の直近複勝率,0.0449,2号艇の全国勝率,-0.041,1号艇の平均ST,-0.0405,-0.0096,北西 2.1m/s,[逃げ]1号艇のdominanceが不利(-43.0pt)、1号艇のracer_win_teが不利(-17.9pt) / [2着]3号艇のwin_rate_rank_2to6が有利(+23.3pt)、3号艇の当地勝率が有利(+10.6pt) / [候補2]2号艇のwin_rate_rank_2to6が不利(-12.8pt)、場特性:1x_diff_course2が有利(+4.8pt) / [除外]6号艇の全国勝率が不利(-12.6pt)、6号艇の直近平均着順が不利(-10.9pt)、天気-1.0pt
45,10,三国,11,13:35,0.19309484466045132,2,0.5124126424090906,3,0.13907633905931288,0.12579916367463703,0.13803532167548246,0.513453659792921,0.10496149004543481,0.2420955125101222,1-2,1-3,0.09894423958803474,0.02685492408660228,0.01766760133511349,0.022974165618777638,0.026653908996582716,True,True,False,False,記者特選,2026-09-13,1号艇のdominance,-0.3799,1号艇のracer_win_te,-0.1802,1号艇のvs_max234_diff,-0.1406,1号艇の直近1着率,-0.1312,風速区分,-0.1105,2号艇の当地勝率,0.1144,2号艇のclass_rank_2to6,0.0811,2号艇のsession_exh_rel_avg,0.0788,1号艇vs6号艇の直近複勝率差,-0.0652,1号艇の直近複勝率,0.0627,3号艇のwin_rate_rank_2to6,-0.1485,3号艇のsession_exh_rel_avg,0.0611,1号艇vs6号艇のplace_rate差,0.0606,3号艇のcumulative_diff_rank_2to6,-0.0567,3号艇の全国勝率,-0.0546,-0.0984,南東 6.9m/s,[逃げ]1号艇のdominanceが不利(-38.0pt)、1号艇のracer_win_teが不利(-18.0pt) / [2着]2号艇の当地勝率が有利(+11.4pt)、2号艇のclass_rank_2to6が有利(+8.1pt) / [候補2]3号艇のwin_rate_rank_2to6が不利(-14.9pt)、3号艇のsession_exh_rel_avgが有利(+6.1pt)、天気-9.8pt
46,10,三国,8,11:52,0.21303428950616005,2,0.3263161501719718,5,0.2653036330545011,0.12603530017744008,0.2646376970914235,0.3269820861350494,0.08601087026801926,0.1863193359647229,1-2,1-5,0.06951652920627144,0.0563769037764178,0.01572459486362617,0.05651877097116864,0.014897495450363426,True,True,False,False,予選,2026-09-13,1号艇のdominance,-0.2438,場×風向,-0.1139,5号艇のsession_exh_rel_avg,-0.0901,1号艇のsession_exh_rel_avg,-0.0868,1号艇の全国勝率,-0.081,2号艇のclass_rank_2to6,0.0888,2号艇のsession_exh_rel_avg,-0.078,2号艇の一般戦勝率,-0.0761,2号艇のwin_rate_rank_2to6,0.0681,2号艇の全国勝率,0.0546,5号艇のwin_rate_rank_2to6,0.239,5号艇のclass_rank_2to6,0.1574,4号艇のsession_exh_rel_avg,0.1185,5号艇のモーター2連率,0.1122,1号艇のsession_rank_diff_last,-0.0966,-0.1215,北東 2.2m/s,[逃げ]1号艇のdominanceが不利(-24.4pt)、場×風向が不利(-11.4pt) / [2着]2号艇のclass_rank_2to6が有利(+8.9pt)、2号艇のsession_exh_rel_avgが不利(-7.8pt) / [候補2]5号艇のwin_rate_rank_2to6が有利(+23.9pt)、5号艇のclass_rank_2to6が有利(+15.7pt) / [除外]6号艇のwin_rate_rank_2to6が不利(-5.7pt)、天気-12.2pt
47,21,芦屋,8,12:06,0.1968731413901699,2,0.32498345766455994,4,0.24117574828635566,0.11146154140252093,0.2115450910176696,0.354614114933246,0.0831665710973617,0.18440731346173844,1-2,1-4,0.0639805142102612,0.033024569264461436,0.047481027192259724,0.010739480808526282,0.04164754661431803,True,True,False,False,一般,2026-09-13,1号艇のdominance,-0.2533,1号艇のsession_exh_rel_avg,-0.2045,1号艇のracer_win_te,-0.1711,1号艇のvs_max234_diff,-0.1328,1号艇vs2号艇のcumulative差,-0.1068,2号艇の当地勝率,0.1134,1号艇の直近複勝率,0.062,2号艇のwin_rate_rank_2to6,0.0603,1号艇vs6号艇の直近複勝率差,-0.0451,2号艇の全国勝率,0.0448,4号艇のclass_rank_2to6,0.146,1号艇のモーター出走数,0.1035,4号艇のwin_rate_rank_2to6,-0.0872,4号艇の全国勝率,0.0598,1号艇vs6号艇のcumulative差,-0.0458,0.0142,北 1.9m/s,[逃げ]1号艇のdominanceが不利(-25.3pt)、1号艇のsession_exh_rel_avgが不利(-20.5pt) / [2着]2号艇の当地勝率が有利(+11.3pt)、1号艇の直近複勝率が有利(+6.2pt) / [候補2]4号艇のclass_rank_2to6が有利(+14.6pt)、1号艇のモーター出走数が有利(+10.4pt) / [除外]3号艇のwin_rate_rank_2to6が不利(-5.1pt)、天気+1.4pt
48,10,三国,9,12:24,0.11281284839401903,3,0.43971463623000484,4,0.28493824185895666,0.08175015527413958,0.1563550104160043,0.5682978676729572,0.0664116996188619,0.22771446899378486,1-3,1-4,0.01763885408570596,0.04960546059364677,0.03214469468049281,0.01078828818410579,0.0026355519007192486,True,True,False,False,予選特賞,2026-09-13,1号艇のdominance,-0.4019,1号艇のracer_win_te,-0.1877,1号艇のvs_max234_diff,-0.1469,6号艇の枠別出走数,-0.1468,1号艇の全国2連率,-0.09,3号艇のsession_exh_rel_avg,0.1075,3号艇の当地勝率,0.0839,1号艇の体重,0.069,3号艇の全国勝率,0.0519,2号艇の全国勝率,0.051,4号艇のclass_rank_2to6,0.1072,4号艇のwin_rate_rank_2to6,0.0946,1号艇vs4号艇のcumulative差,0.0623,4号艇の全国勝率,0.0529,4号艇の年齢,0.0453,-0.0444,南東 2.3m/s,[逃げ]1号艇のdominanceが不利(-40.2pt)、1号艇のracer_win_teが不利(-18.8pt) / [2着]3号艇のsession_exh_rel_avgが有利(+10.8pt)、3号艇の当地勝率が有利(+8.4pt) / [候補2]4号艇のclass_rank_2to6が有利(+10.7pt)、4号艇のwin_rate_rank_2to6が有利(+9.5pt) / [除外]1号艇vs3号艇の直近複勝率差が不利(-8.9pt)、6号艇のwin_rate_rank_2to6が不利(-7.7pt)、天気-4.4pt
